<?xml version="1.0" encoding="UTF-8"?>
<!DOCTYPE mapper PUBLIC "-//mybatis.org//DTD Mapper 3.0//EN" "http://mybatis.org/dtd/mybatis-3-mapper.dtd">

<mapper namespace="com.xxx.member.dao.MemberDao">

	<!-- 可根据自己的需求，是否要使用 -->
    <resultMap type="com.xxx.member.entity.MemberEntity" id="memberMap">
        <result property="id" column="id"/>
        <result property="miniOpenid" column="mini_openid"/>
        <result property="mpOpenid" column="mp_openid"/>
        <result property="unionid" column="unionid"/>
        <result property="levelId" column="level_id"/>
        <result property="userName" column="user_name"/>
        <result property="password" column="PASSWORD"/>
        <result property="nickname" column="nickname"/>
        <result property="phone" column="phone"/>
        <result property="email" column="email"/>
        <result property="avatar" column="avatar"/>
        <result property="gender" column="gender"/>
        <result property="birth" column="birth"/>
        <result property="city" column="city"/>
        <result property="sourceType" column="source_type"/>
        <result property="integration" column="integration"/>
        <result property="registerTime" column="register_time"/>
        <result property="delFlag" column="del_flag"/>
        <result property="createTime" column="create_time"/>
        <result property="updateTime" column="update_time"/>
    </resultMap>


</mapper>