<?xml version="1.0" encoding="UTF-8"?>
<!DOCTYPE mapper PUBLIC "-//mybatis.org//DTD Mapper 3.0//EN" "http://mybatis.org/dtd/mybatis-3-mapper.dtd">

<mapper namespace="com.xxx.question.dao.TypeDao">

	<!-- 可根据自己的需求，是否要使用 -->
    <resultMap type="com.xxx.question.entity.TypeEntity" id="typeMap">
        <result property="id" column="id"/>
        <result property="type" column="TYPE"/>
        <result property="comments" column="comments"/>
        <result property="logoUrl" column="logo_url"/>
        <result property="delFlag" column="del_flag"/>
        <result property="createTime" column="create_time"/>
        <result property="updateTime" column="update_time"/>
    </resultMap>


</mapper>